/*********************************************GATESTLPERITEM*********************************************
Create new GATESTLPERITEM fee pkg for US institutions ,across all card schemes ,
to count the Gateway SETTLE transactions, this fee replaces existing Gateway Per Item Fee 
which counts based on the authentication. 
***************************************************************************************************************/
DECLARE 
db_fee_pkg_id_0_rate NUMBER;
ax_fee_pkg_id_0_rate NUMBER;
vs_fee_pkg_id_0_rate NUMBER;
mc_fee_pkg_id_0_rate NUMBER;
ds_fee_pkg_id_0_rate NUMBER;
other_fee_pkg_id_0_rate NUMBER;
type num_array is varray(5) of NUMBER;
inst_array num_array;
BEGIN
--CREATE fee_pkg + mas_fee w/ rate 0 and 0.05 for each institution
inst_array := num_array(101,105,107,121);
 --CREATE MAS CODE 
Insert into MASCLR.MAS_CODE (MAS_CODE,CARD_SCHEME,MAS_DESC,IRF_PROG_IND_DESC) 
values ('OTHR_GATESTLPERITEM','00','Othr Gateway Settl PerItem Fee',null);
Insert into MASCLR.MAS_CODE (MAS_CODE,CARD_SCHEME,MAS_DESC,IRF_PROG_IND_DESC) 
values ('DBT_GATESTLPERITEM','02','DB Gateway Settle Per Item Fee',null);
Insert into MASCLR.MAS_CODE (MAS_CODE,CARD_SCHEME,MAS_DESC,IRF_PROG_IND_DESC) 
values ('AX_GATESTLPERITEM','03','AX Gateway Settle Per Item Fee',null);
Insert into MASCLR.MAS_CODE (MAS_CODE,CARD_SCHEME,MAS_DESC,IRF_PROG_IND_DESC) 
values ('VS_GATESTLPERITEM','04','VS Gateway Settle Per Item Fee',null);
Insert into MASCLR.MAS_CODE (MAS_CODE,CARD_SCHEME,MAS_DESC,IRF_PROG_IND_DESC) 
values ('MC_GATESTLPERITEM','05','MC Gateway Settle Per Item Fee',null);
Insert into MASCLR.MAS_CODE (MAS_CODE,CARD_SCHEME,MAS_DESC,IRF_PROG_IND_DESC) 
values ('DS_GATESTLPERITEM','08','DS Gateway Settle Per Item Fee',null);

Insert into MASCLR.TID (TID,TRANS_DOMAIN,TRANS_SCOPE,TRANS_CLASS,TRANS_CODE,TRANS_SUBTYPE,SRC_DEST_FLAG,
TID_SETTL_METHOD,MAS_FEE_FLAG,TRANS_GROUP,ALTERNATE_TID,DESCRIPTION,RECLASS_ACTIV_TID) 
values ('010004120003','01','00','04','120','003',null,'D','Y',null,'010004120003',
'Gateway Settle Per-Item Fee',null);

FOR inst IN 1 .. inst_array.count LOOP
    -- USE ON PRODUCTION ONLY
    /*
    SELECT last_seq_nbr + 1, last_seq_nbr + 2 ,last_seq_nbr + 3 ,last_seq_nbr + 4 ,last_seq_nbr + 5 ,last_seq_nbr + 6
    INTO db_fee_pkg_id_0_rate, ax_fee_pkg_id_0_rate,vs_fee_pkg_id_0_rate,mc_fee_pkg_id_0_rate,ds_fee_pkg_id_0_rate,other_fee_pkg_id_0_rate
    FROM MASCLR.seq_ctrl
    WHERE seq_name = 'fee_pkg_id'
    AND institution_id = inst_array(inst);
    */
    -- USE ON QA ONLY
    SELECT 
    MAX(fee_pkg_id) + 1, 
    MAX(fee_pkg_id) + 2,
    MAX(fee_pkg_id) + 3, 
    MAX(fee_pkg_id) + 4,
    MAX(fee_pkg_id) + 5, 
    MAX(fee_pkg_id) + 6
    INTO db_fee_pkg_id_0_rate,
    ax_fee_pkg_id_0_rate,
    vs_fee_pkg_id_0_rate,
    mc_fee_pkg_id_0_rate,
    ds_fee_pkg_id_0_rate,
    other_fee_pkg_id_0_rate
    FROM MASCLR.fee_pkg
    WHERE institution_id = inst_array(inst);
 
    --CREATE FEE_PKGS
    INSERT INTO MASCLR.fee_pkg (institution_id, fee_pkg_id, fee_pkg_type,  fee_start_date, fee_end_date, last_eval_date, fee_pkg_name)
    VALUES(inst_array(inst), db_fee_pkg_id_0_rate, 'G', TO_DATE('2021/08/01', 'YYYY/MM/DD'), NULL, NULL,'DBT_GATESTLPERITEM~0~0');
    INSERT INTO MASCLR.fee_pkg (institution_id, fee_pkg_id, fee_pkg_type,  fee_start_date, fee_end_date, last_eval_date, fee_pkg_name)
    VALUES(inst_array(inst), ax_fee_pkg_id_0_rate, 'G', TO_DATE('2021/08/01', 'YYYY/MM/DD'), NULL, NULL,'AX_GATESTLPERITEM~0~0');
    INSERT INTO MASCLR.fee_pkg (institution_id, fee_pkg_id, fee_pkg_type,  fee_start_date, fee_end_date, last_eval_date, fee_pkg_name)
    VALUES(inst_array(inst), vs_fee_pkg_id_0_rate, 'G', TO_DATE('2021/08/01', 'YYYY/MM/DD'), NULL, NULL,'VS_GATESTLPERITEM~0~0');
    INSERT INTO MASCLR.fee_pkg (institution_id, fee_pkg_id, fee_pkg_type,  fee_start_date, fee_end_date, last_eval_date, fee_pkg_name)
    VALUES(inst_array(inst), mc_fee_pkg_id_0_rate, 'G', TO_DATE('2021/08/01', 'YYYY/MM/DD'), NULL, NULL,'MC_GATESTLPERITEM~0~0');
    INSERT INTO MASCLR.fee_pkg (institution_id, fee_pkg_id, fee_pkg_type,  fee_start_date, fee_end_date, last_eval_date, fee_pkg_name)
    VALUES(inst_array(inst), ds_fee_pkg_id_0_rate, 'G', TO_DATE('2021/08/01', 'YYYY/MM/DD'), NULL, NULL,'DS_GATESTLPERITEM~0~0');
    INSERT INTO MASCLR.fee_pkg (institution_id, fee_pkg_id, fee_pkg_type,  fee_start_date, fee_end_date, last_eval_date, fee_pkg_name)
    VALUES(inst_array(inst), other_fee_pkg_id_0_rate, 'G', TO_DATE('2021/08/01', 'YYYY/MM/DD'), NULL, NULL,'OTHR_GATESTLPERITEM~0~0');
    
    --CREATE FEE PKG TID
    INSERT INTO MASCLR.fee_pkg_tid (institution_id, fee_pkg_id, tid_activity)
    VALUES(inst_array(inst), db_fee_pkg_id_0_rate,'010003005101');
    INSERT INTO MASCLR.fee_pkg_tid (institution_id, fee_pkg_id, tid_activity)
    VALUES(inst_array(inst), db_fee_pkg_id_0_rate,'010003005103');
    INSERT INTO MASCLR.fee_pkg_tid (institution_id, fee_pkg_id, tid_activity)
    VALUES(inst_array(inst), db_fee_pkg_id_0_rate,'010003005104');
    INSERT INTO MASCLR.fee_pkg_tid (institution_id, fee_pkg_id, tid_activity)
    VALUES(inst_array(inst), db_fee_pkg_id_0_rate,'010003005105');
    INSERT INTO MASCLR.fee_pkg_tid (institution_id, fee_pkg_id, tid_activity)
    VALUES(inst_array(inst), db_fee_pkg_id_0_rate,'010003005106');
    INSERT INTO MASCLR.fee_pkg_tid (institution_id, fee_pkg_id, tid_activity)
    VALUES(inst_array(inst), db_fee_pkg_id_0_rate,'010003005107');
    INSERT INTO MASCLR.fee_pkg_tid (institution_id, fee_pkg_id, tid_activity)
    VALUES(inst_array(inst), db_fee_pkg_id_0_rate,'010003005109');    
    INSERT INTO MASCLR.fee_pkg_tid (institution_id, fee_pkg_id, tid_activity)
    VALUES(inst_array(inst), ax_fee_pkg_id_0_rate,'010003005101');
    INSERT INTO MASCLR.fee_pkg_tid (institution_id, fee_pkg_id, tid_activity)
    VALUES(inst_array(inst), ax_fee_pkg_id_0_rate,'010003005103');
    INSERT INTO MASCLR.fee_pkg_tid (institution_id, fee_pkg_id, tid_activity)
    VALUES(inst_array(inst), ax_fee_pkg_id_0_rate,'010003005104');
    INSERT INTO MASCLR.fee_pkg_tid (institution_id, fee_pkg_id, tid_activity)
    VALUES(inst_array(inst), ax_fee_pkg_id_0_rate,'010003005105');
    INSERT INTO MASCLR.fee_pkg_tid (institution_id, fee_pkg_id, tid_activity)
    VALUES(inst_array(inst), ax_fee_pkg_id_0_rate,'010003005106');
    INSERT INTO MASCLR.fee_pkg_tid (institution_id, fee_pkg_id, tid_activity)
    VALUES(inst_array(inst), ax_fee_pkg_id_0_rate,'010003005107');
    INSERT INTO MASCLR.fee_pkg_tid (institution_id, fee_pkg_id, tid_activity)
    VALUES(inst_array(inst), ax_fee_pkg_id_0_rate,'010003005109');    
    INSERT INTO MASCLR.fee_pkg_tid (institution_id, fee_pkg_id, tid_activity)
    VALUES(inst_array(inst), vs_fee_pkg_id_0_rate,'010003005101');
    INSERT INTO MASCLR.fee_pkg_tid (institution_id, fee_pkg_id, tid_activity)
    VALUES(inst_array(inst), vs_fee_pkg_id_0_rate,'010003005103');
    INSERT INTO MASCLR.fee_pkg_tid (institution_id, fee_pkg_id, tid_activity)
    VALUES(inst_array(inst), vs_fee_pkg_id_0_rate,'010003005104');
    INSERT INTO MASCLR.fee_pkg_tid (institution_id, fee_pkg_id, tid_activity)
    VALUES(inst_array(inst), vs_fee_pkg_id_0_rate,'010003005105');
    INSERT INTO MASCLR.fee_pkg_tid (institution_id, fee_pkg_id, tid_activity)
    VALUES(inst_array(inst), vs_fee_pkg_id_0_rate,'010003005106');
    INSERT INTO MASCLR.fee_pkg_tid (institution_id, fee_pkg_id, tid_activity)
    VALUES(inst_array(inst), vs_fee_pkg_id_0_rate,'010003005107');
    INSERT INTO MASCLR.fee_pkg_tid (institution_id, fee_pkg_id, tid_activity)
    VALUES(inst_array(inst), vs_fee_pkg_id_0_rate,'010003005109');    
    INSERT INTO MASCLR.fee_pkg_tid (institution_id, fee_pkg_id, tid_activity)
    VALUES(inst_array(inst), mc_fee_pkg_id_0_rate,'010003005101');
    INSERT INTO MASCLR.fee_pkg_tid (institution_id, fee_pkg_id, tid_activity)
    VALUES(inst_array(inst), mc_fee_pkg_id_0_rate,'010003005103');
    INSERT INTO MASCLR.fee_pkg_tid (institution_id, fee_pkg_id, tid_activity)
    VALUES(inst_array(inst), mc_fee_pkg_id_0_rate,'010003005104');
    INSERT INTO MASCLR.fee_pkg_tid (institution_id, fee_pkg_id, tid_activity)
    VALUES(inst_array(inst), mc_fee_pkg_id_0_rate,'010003005105');
    INSERT INTO MASCLR.fee_pkg_tid (institution_id, fee_pkg_id, tid_activity)
    VALUES(inst_array(inst), mc_fee_pkg_id_0_rate,'010003005106');
    INSERT INTO MASCLR.fee_pkg_tid (institution_id, fee_pkg_id, tid_activity)
    VALUES(inst_array(inst), mc_fee_pkg_id_0_rate,'010003005107');
    INSERT INTO MASCLR.fee_pkg_tid (institution_id, fee_pkg_id, tid_activity)
    VALUES(inst_array(inst), mc_fee_pkg_id_0_rate,'010003005109'); 
    INSERT INTO MASCLR.fee_pkg_tid (institution_id, fee_pkg_id, tid_activity)
    VALUES(inst_array(inst), ds_fee_pkg_id_0_rate,'010003005101');
    INSERT INTO MASCLR.fee_pkg_tid (institution_id, fee_pkg_id, tid_activity)
    VALUES(inst_array(inst), ds_fee_pkg_id_0_rate,'010003005103');
    INSERT INTO MASCLR.fee_pkg_tid (institution_id, fee_pkg_id, tid_activity)
    VALUES(inst_array(inst), ds_fee_pkg_id_0_rate,'010003005104');
    INSERT INTO MASCLR.fee_pkg_tid (institution_id, fee_pkg_id, tid_activity)
    VALUES(inst_array(inst), ds_fee_pkg_id_0_rate,'010003005105');
    INSERT INTO MASCLR.fee_pkg_tid (institution_id, fee_pkg_id, tid_activity)
    VALUES(inst_array(inst), ds_fee_pkg_id_0_rate,'010003005106');
    INSERT INTO MASCLR.fee_pkg_tid (institution_id, fee_pkg_id, tid_activity)
    VALUES(inst_array(inst), ds_fee_pkg_id_0_rate,'010003005107');
    INSERT INTO MASCLR.fee_pkg_tid (institution_id, fee_pkg_id, tid_activity)
    VALUES(inst_array(inst), ds_fee_pkg_id_0_rate,'010003005109');
    INSERT INTO MASCLR.fee_pkg_tid (institution_id, fee_pkg_id, tid_activity)
    VALUES(inst_array(inst), other_fee_pkg_id_0_rate,'010003005101');
    INSERT INTO MASCLR.fee_pkg_tid (institution_id, fee_pkg_id, tid_activity)
    VALUES(inst_array(inst), other_fee_pkg_id_0_rate,'010003005103');
    INSERT INTO MASCLR.fee_pkg_tid (institution_id, fee_pkg_id, tid_activity)
    VALUES(inst_array(inst), other_fee_pkg_id_0_rate,'010003005104');
    INSERT INTO MASCLR.fee_pkg_tid (institution_id, fee_pkg_id, tid_activity)
    VALUES(inst_array(inst), other_fee_pkg_id_0_rate,'010003005105');
    INSERT INTO MASCLR.fee_pkg_tid (institution_id, fee_pkg_id, tid_activity)
    VALUES(inst_array(inst), other_fee_pkg_id_0_rate,'010003005106');
    INSERT INTO MASCLR.fee_pkg_tid (institution_id, fee_pkg_id, tid_activity)
    VALUES(inst_array(inst), other_fee_pkg_id_0_rate,'010003005107');
    INSERT INTO MASCLR.fee_pkg_tid (institution_id, fee_pkg_id, tid_activity)
    VALUES(inst_array(inst), other_fee_pkg_id_0_rate,'010003005109'); 
     --CREATE FEE PKG MAS CODE ~0 
    INSERT INTO MASCLR.fee_pkg_mas_code (institution_id, fee_pkg_id, mas_code, card_scheme)
    VALUES(inst_array(inst), db_fee_pkg_id_0_rate, 'DBT_GATESTLPERITEM', '02');
    INSERT INTO MASCLR.fee_pkg_mas_code (institution_id, fee_pkg_id, mas_code, card_scheme)
    VALUES(inst_array(inst), ax_fee_pkg_id_0_rate, 'AX_GATESTLPERITEM', '03');
    INSERT INTO MASCLR.fee_pkg_mas_code (institution_id, fee_pkg_id, mas_code, card_scheme)
    VALUES(inst_array(inst), vs_fee_pkg_id_0_rate, 'VS_GATESTLPERITEM', '04');
    INSERT INTO MASCLR.fee_pkg_mas_code (institution_id, fee_pkg_id, mas_code, card_scheme)
    VALUES(inst_array(inst), mc_fee_pkg_id_0_rate, 'MC_GATESTLPERITEM', '05');
    INSERT INTO MASCLR.fee_pkg_mas_code (institution_id, fee_pkg_id, mas_code, card_scheme)
    VALUES(inst_array(inst), ds_fee_pkg_id_0_rate, 'DS_GATESTLPERITEM', '08');
    INSERT INTO MASCLR.fee_pkg_mas_code (institution_id, fee_pkg_id, mas_code, card_scheme)
    VALUES(inst_array(inst), other_fee_pkg_id_0_rate, 'OTHR_GATESTLPERITEM', '00'); 
    --CREATE  MAS FEES ~0 
    INSERT INTO MASCLR.MAS_FEES (INSTITUTION_ID,FEE_PKG_ID,TID_ACTIVITY,MAS_CODE,TXN_CURR,TID_FEE,EFFECTIVE_DATE,FEE_STATUS,RATE_PER_ITEM,RATE_PERCENT,FEE_CURR,CARD_SCHEME,AMT_METHOD,CNT_METHOD,ADD_AMT1_METHOD,ADD_CNT1_METHOD,ADD_AMT2_METHOD,ADD_CNT2_METHOD,PER_TRANS_MAX,PER_TRANS_MIN,FEE_GRP_ID,ITEM_CNT_PLAN_ID,TIER_ID,TIER_FREQ,TIER_DATE_LIST_ID,TIER_ASSM_DAY,TIER_NXT_ASSM_DATE,TIER_LASTASSM_DATE,VARIABLE_PRICE_FLG,SLIDING_PRICE_FLG,EXT_AMT1_METHOD,EXT_TXN1,EXT_CNT1_METHOD,EXT_AMT2_METHOD,EXT_TXN2,EXT_CNT2_METHOD,EXT_AMT3_METHOD,EXT_TXN3,EXT_CNT3_METHOD,EXT_AMT4_METHOD,EXT_TXN4,EXT_CNT4_METHOD) 
    VALUES (inst_array(inst),db_fee_pkg_id_0_rate,'010003005101','DBT_GATESTLPERITEM','000','010004120003',to_date('01-AUG-21','DD-MON-RR'),'C',0,0,'840','02','+','+','+','+','I','I',null,null,null,null,null,null,null,null,null,null,null,null,'I','I','I','I','I','I','I','I','I','I','I','I');
    INSERT INTO MASCLR.MAS_FEES (INSTITUTION_ID,FEE_PKG_ID,TID_ACTIVITY,MAS_CODE,TXN_CURR,TID_FEE,EFFECTIVE_DATE,FEE_STATUS,RATE_PER_ITEM,RATE_PERCENT,FEE_CURR,CARD_SCHEME,AMT_METHOD,CNT_METHOD,ADD_AMT1_METHOD,ADD_CNT1_METHOD,ADD_AMT2_METHOD,ADD_CNT2_METHOD,PER_TRANS_MAX,PER_TRANS_MIN,FEE_GRP_ID,ITEM_CNT_PLAN_ID,TIER_ID,TIER_FREQ,TIER_DATE_LIST_ID,TIER_ASSM_DAY,TIER_NXT_ASSM_DATE,TIER_LASTASSM_DATE,VARIABLE_PRICE_FLG,SLIDING_PRICE_FLG,EXT_AMT1_METHOD,EXT_TXN1,EXT_CNT1_METHOD,EXT_AMT2_METHOD,EXT_TXN2,EXT_CNT2_METHOD,EXT_AMT3_METHOD,EXT_TXN3,EXT_CNT3_METHOD,EXT_AMT4_METHOD,EXT_TXN4,EXT_CNT4_METHOD) 
    VALUES (inst_array(inst),db_fee_pkg_id_0_rate,'010003005103','DBT_GATESTLPERITEM','000','010004120003',to_date('01-AUG-21','DD-MON-RR'),'C',0,0,'840','02','+','+','+','+','I','I',null,null,null,null,null,null,null,null,null,null,null,null,'I','I','I','I','I','I','I','I','I','I','I','I');
    INSERT INTO MASCLR.MAS_FEES (INSTITUTION_ID,FEE_PKG_ID,TID_ACTIVITY,MAS_CODE,TXN_CURR,TID_FEE,EFFECTIVE_DATE,FEE_STATUS,RATE_PER_ITEM,RATE_PERCENT,FEE_CURR,CARD_SCHEME,AMT_METHOD,CNT_METHOD,ADD_AMT1_METHOD,ADD_CNT1_METHOD,ADD_AMT2_METHOD,ADD_CNT2_METHOD,PER_TRANS_MAX,PER_TRANS_MIN,FEE_GRP_ID,ITEM_CNT_PLAN_ID,TIER_ID,TIER_FREQ,TIER_DATE_LIST_ID,TIER_ASSM_DAY,TIER_NXT_ASSM_DATE,TIER_LASTASSM_DATE,VARIABLE_PRICE_FLG,SLIDING_PRICE_FLG,EXT_AMT1_METHOD,EXT_TXN1,EXT_CNT1_METHOD,EXT_AMT2_METHOD,EXT_TXN2,EXT_CNT2_METHOD,EXT_AMT3_METHOD,EXT_TXN3,EXT_CNT3_METHOD,EXT_AMT4_METHOD,EXT_TXN4,EXT_CNT4_METHOD) 
    VALUES (inst_array(inst),db_fee_pkg_id_0_rate,'010003005104','DBT_GATESTLPERITEM','000','010004120003',to_date('01-AUG-21','DD-MON-RR'),'C',0,0,'840','02','+','+','+','+','I','I',null,null,null,null,null,null,null,null,null,null,null,null,'I','I','I','I','I','I','I','I','I','I','I','I');
    INSERT INTO MASCLR.MAS_FEES (INSTITUTION_ID,FEE_PKG_ID,TID_ACTIVITY,MAS_CODE,TXN_CURR,TID_FEE,EFFECTIVE_DATE,FEE_STATUS,RATE_PER_ITEM,RATE_PERCENT,FEE_CURR,CARD_SCHEME,AMT_METHOD,CNT_METHOD,ADD_AMT1_METHOD,ADD_CNT1_METHOD,ADD_AMT2_METHOD,ADD_CNT2_METHOD,PER_TRANS_MAX,PER_TRANS_MIN,FEE_GRP_ID,ITEM_CNT_PLAN_ID,TIER_ID,TIER_FREQ,TIER_DATE_LIST_ID,TIER_ASSM_DAY,TIER_NXT_ASSM_DATE,TIER_LASTASSM_DATE,VARIABLE_PRICE_FLG,SLIDING_PRICE_FLG,EXT_AMT1_METHOD,EXT_TXN1,EXT_CNT1_METHOD,EXT_AMT2_METHOD,EXT_TXN2,EXT_CNT2_METHOD,EXT_AMT3_METHOD,EXT_TXN3,EXT_CNT3_METHOD,EXT_AMT4_METHOD,EXT_TXN4,EXT_CNT4_METHOD) 
    VALUES (inst_array(inst),db_fee_pkg_id_0_rate,'010003005105','DBT_GATESTLPERITEM','000','010004120003',to_date('01-AUG-21','DD-MON-RR'),'C',0,0,'840','02','+','+','+','+','I','I',null,null,null,null,null,null,null,null,null,null,null,null,'I','I','I','I','I','I','I','I','I','I','I','I');
    INSERT INTO MASCLR.MAS_FEES (INSTITUTION_ID,FEE_PKG_ID,TID_ACTIVITY,MAS_CODE,TXN_CURR,TID_FEE,EFFECTIVE_DATE,FEE_STATUS,RATE_PER_ITEM,RATE_PERCENT,FEE_CURR,CARD_SCHEME,AMT_METHOD,CNT_METHOD,ADD_AMT1_METHOD,ADD_CNT1_METHOD,ADD_AMT2_METHOD,ADD_CNT2_METHOD,PER_TRANS_MAX,PER_TRANS_MIN,FEE_GRP_ID,ITEM_CNT_PLAN_ID,TIER_ID,TIER_FREQ,TIER_DATE_LIST_ID,TIER_ASSM_DAY,TIER_NXT_ASSM_DATE,TIER_LASTASSM_DATE,VARIABLE_PRICE_FLG,SLIDING_PRICE_FLG,EXT_AMT1_METHOD,EXT_TXN1,EXT_CNT1_METHOD,EXT_AMT2_METHOD,EXT_TXN2,EXT_CNT2_METHOD,EXT_AMT3_METHOD,EXT_TXN3,EXT_CNT3_METHOD,EXT_AMT4_METHOD,EXT_TXN4,EXT_CNT4_METHOD) 
    VALUES (inst_array(inst),db_fee_pkg_id_0_rate,'010003005106','DBT_GATESTLPERITEM','000','010004120003',to_date('01-AUG-21','DD-MON-RR'),'C',0,0,'840','02','+','+','+','+','I','I',null,null,null,null,null,null,null,null,null,null,null,null,'I','I','I','I','I','I','I','I','I','I','I','I');
    INSERT INTO MASCLR.MAS_FEES (INSTITUTION_ID,FEE_PKG_ID,TID_ACTIVITY,MAS_CODE,TXN_CURR,TID_FEE,EFFECTIVE_DATE,FEE_STATUS,RATE_PER_ITEM,RATE_PERCENT,FEE_CURR,CARD_SCHEME,AMT_METHOD,CNT_METHOD,ADD_AMT1_METHOD,ADD_CNT1_METHOD,ADD_AMT2_METHOD,ADD_CNT2_METHOD,PER_TRANS_MAX,PER_TRANS_MIN,FEE_GRP_ID,ITEM_CNT_PLAN_ID,TIER_ID,TIER_FREQ,TIER_DATE_LIST_ID,TIER_ASSM_DAY,TIER_NXT_ASSM_DATE,TIER_LASTASSM_DATE,VARIABLE_PRICE_FLG,SLIDING_PRICE_FLG,EXT_AMT1_METHOD,EXT_TXN1,EXT_CNT1_METHOD,EXT_AMT2_METHOD,EXT_TXN2,EXT_CNT2_METHOD,EXT_AMT3_METHOD,EXT_TXN3,EXT_CNT3_METHOD,EXT_AMT4_METHOD,EXT_TXN4,EXT_CNT4_METHOD) 
    VALUES (inst_array(inst),db_fee_pkg_id_0_rate,'010003005107','DBT_GATESTLPERITEM','000','010004120003',to_date('01-AUG-21','DD-MON-RR'),'C',0,0,'840','02','+','+','+','+','I','I',null,null,null,null,null,null,null,null,null,null,null,null,'I','I','I','I','I','I','I','I','I','I','I','I');
    INSERT INTO MASCLR.MAS_FEES (INSTITUTION_ID,FEE_PKG_ID,TID_ACTIVITY,MAS_CODE,TXN_CURR,TID_FEE,EFFECTIVE_DATE,FEE_STATUS,RATE_PER_ITEM,RATE_PERCENT,FEE_CURR,CARD_SCHEME,AMT_METHOD,CNT_METHOD,ADD_AMT1_METHOD,ADD_CNT1_METHOD,ADD_AMT2_METHOD,ADD_CNT2_METHOD,PER_TRANS_MAX,PER_TRANS_MIN,FEE_GRP_ID,ITEM_CNT_PLAN_ID,TIER_ID,TIER_FREQ,TIER_DATE_LIST_ID,TIER_ASSM_DAY,TIER_NXT_ASSM_DATE,TIER_LASTASSM_DATE,VARIABLE_PRICE_FLG,SLIDING_PRICE_FLG,EXT_AMT1_METHOD,EXT_TXN1,EXT_CNT1_METHOD,EXT_AMT2_METHOD,EXT_TXN2,EXT_CNT2_METHOD,EXT_AMT3_METHOD,EXT_TXN3,EXT_CNT3_METHOD,EXT_AMT4_METHOD,EXT_TXN4,EXT_CNT4_METHOD) 
    VALUES (inst_array(inst),db_fee_pkg_id_0_rate,'010003005109','DBT_GATESTLPERITEM','000','010004120003',to_date('01-AUG-21','DD-MON-RR'),'C',0,0,'840','02','+','+','+','+','I','I',null,null,null,null,null,null,null,null,null,null,null,null,'I','I','I','I','I','I','I','I','I','I','I','I');
 
    INSERT INTO MASCLR.MAS_FEES (INSTITUTION_ID,FEE_PKG_ID,TID_ACTIVITY,MAS_CODE,TXN_CURR,TID_FEE,EFFECTIVE_DATE,FEE_STATUS,RATE_PER_ITEM,RATE_PERCENT,FEE_CURR,CARD_SCHEME,AMT_METHOD,CNT_METHOD,ADD_AMT1_METHOD,ADD_CNT1_METHOD,ADD_AMT2_METHOD,ADD_CNT2_METHOD,PER_TRANS_MAX,PER_TRANS_MIN,FEE_GRP_ID,ITEM_CNT_PLAN_ID,TIER_ID,TIER_FREQ,TIER_DATE_LIST_ID,TIER_ASSM_DAY,TIER_NXT_ASSM_DATE,TIER_LASTASSM_DATE,VARIABLE_PRICE_FLG,SLIDING_PRICE_FLG,EXT_AMT1_METHOD,EXT_TXN1,EXT_CNT1_METHOD,EXT_AMT2_METHOD,EXT_TXN2,EXT_CNT2_METHOD,EXT_AMT3_METHOD,EXT_TXN3,EXT_CNT3_METHOD,EXT_AMT4_METHOD,EXT_TXN4,EXT_CNT4_METHOD) 
    VALUES (inst_array(inst),vs_fee_pkg_id_0_rate,'010003005101','VS_GATESTLPERITEM','000','010004120003',to_date('01-AUG-21','DD-MON-RR'),'C',0,0,'840','04','+','+','+','+','I','I',null,null,null,null,null,null,null,null,null,null,null,null,'I','I','I','I','I','I','I','I','I','I','I','I');
    INSERT INTO MASCLR.MAS_FEES (INSTITUTION_ID,FEE_PKG_ID,TID_ACTIVITY,MAS_CODE,TXN_CURR,TID_FEE,EFFECTIVE_DATE,FEE_STATUS,RATE_PER_ITEM,RATE_PERCENT,FEE_CURR,CARD_SCHEME,AMT_METHOD,CNT_METHOD,ADD_AMT1_METHOD,ADD_CNT1_METHOD,ADD_AMT2_METHOD,ADD_CNT2_METHOD,PER_TRANS_MAX,PER_TRANS_MIN,FEE_GRP_ID,ITEM_CNT_PLAN_ID,TIER_ID,TIER_FREQ,TIER_DATE_LIST_ID,TIER_ASSM_DAY,TIER_NXT_ASSM_DATE,TIER_LASTASSM_DATE,VARIABLE_PRICE_FLG,SLIDING_PRICE_FLG,EXT_AMT1_METHOD,EXT_TXN1,EXT_CNT1_METHOD,EXT_AMT2_METHOD,EXT_TXN2,EXT_CNT2_METHOD,EXT_AMT3_METHOD,EXT_TXN3,EXT_CNT3_METHOD,EXT_AMT4_METHOD,EXT_TXN4,EXT_CNT4_METHOD) 
    VALUES (inst_array(inst),vs_fee_pkg_id_0_rate,'010003005103','VS_GATESTLPERITEM','000','010004120003',to_date('01-AUG-21','DD-MON-RR'),'C',0,0,'840','04','+','+','+','+','I','I',null,null,null,null,null,null,null,null,null,null,null,null,'I','I','I','I','I','I','I','I','I','I','I','I');
    INSERT INTO MASCLR.MAS_FEES (INSTITUTION_ID,FEE_PKG_ID,TID_ACTIVITY,MAS_CODE,TXN_CURR,TID_FEE,EFFECTIVE_DATE,FEE_STATUS,RATE_PER_ITEM,RATE_PERCENT,FEE_CURR,CARD_SCHEME,AMT_METHOD,CNT_METHOD,ADD_AMT1_METHOD,ADD_CNT1_METHOD,ADD_AMT2_METHOD,ADD_CNT2_METHOD,PER_TRANS_MAX,PER_TRANS_MIN,FEE_GRP_ID,ITEM_CNT_PLAN_ID,TIER_ID,TIER_FREQ,TIER_DATE_LIST_ID,TIER_ASSM_DAY,TIER_NXT_ASSM_DATE,TIER_LASTASSM_DATE,VARIABLE_PRICE_FLG,SLIDING_PRICE_FLG,EXT_AMT1_METHOD,EXT_TXN1,EXT_CNT1_METHOD,EXT_AMT2_METHOD,EXT_TXN2,EXT_CNT2_METHOD,EXT_AMT3_METHOD,EXT_TXN3,EXT_CNT3_METHOD,EXT_AMT4_METHOD,EXT_TXN4,EXT_CNT4_METHOD) 
    VALUES (inst_array(inst),vs_fee_pkg_id_0_rate,'010003005104','VS_GATESTLPERITEM','000','010004120003',to_date('01-AUG-21','DD-MON-RR'),'C',0,0,'840','04','+','+','+','+','I','I',null,null,null,null,null,null,null,null,null,null,null,null,'I','I','I','I','I','I','I','I','I','I','I','I');
    INSERT INTO MASCLR.MAS_FEES (INSTITUTION_ID,FEE_PKG_ID,TID_ACTIVITY,MAS_CODE,TXN_CURR,TID_FEE,EFFECTIVE_DATE,FEE_STATUS,RATE_PER_ITEM,RATE_PERCENT,FEE_CURR,CARD_SCHEME,AMT_METHOD,CNT_METHOD,ADD_AMT1_METHOD,ADD_CNT1_METHOD,ADD_AMT2_METHOD,ADD_CNT2_METHOD,PER_TRANS_MAX,PER_TRANS_MIN,FEE_GRP_ID,ITEM_CNT_PLAN_ID,TIER_ID,TIER_FREQ,TIER_DATE_LIST_ID,TIER_ASSM_DAY,TIER_NXT_ASSM_DATE,TIER_LASTASSM_DATE,VARIABLE_PRICE_FLG,SLIDING_PRICE_FLG,EXT_AMT1_METHOD,EXT_TXN1,EXT_CNT1_METHOD,EXT_AMT2_METHOD,EXT_TXN2,EXT_CNT2_METHOD,EXT_AMT3_METHOD,EXT_TXN3,EXT_CNT3_METHOD,EXT_AMT4_METHOD,EXT_TXN4,EXT_CNT4_METHOD) 
    VALUES (inst_array(inst),vs_fee_pkg_id_0_rate,'010003005105','VS_GATESTLPERITEM','000','010004120003',to_date('01-AUG-21','DD-MON-RR'),'C',0,0,'840','04','+','+','+','+','I','I',null,null,null,null,null,null,null,null,null,null,null,null,'I','I','I','I','I','I','I','I','I','I','I','I');
    INSERT INTO MASCLR.MAS_FEES (INSTITUTION_ID,FEE_PKG_ID,TID_ACTIVITY,MAS_CODE,TXN_CURR,TID_FEE,EFFECTIVE_DATE,FEE_STATUS,RATE_PER_ITEM,RATE_PERCENT,FEE_CURR,CARD_SCHEME,AMT_METHOD,CNT_METHOD,ADD_AMT1_METHOD,ADD_CNT1_METHOD,ADD_AMT2_METHOD,ADD_CNT2_METHOD,PER_TRANS_MAX,PER_TRANS_MIN,FEE_GRP_ID,ITEM_CNT_PLAN_ID,TIER_ID,TIER_FREQ,TIER_DATE_LIST_ID,TIER_ASSM_DAY,TIER_NXT_ASSM_DATE,TIER_LASTASSM_DATE,VARIABLE_PRICE_FLG,SLIDING_PRICE_FLG,EXT_AMT1_METHOD,EXT_TXN1,EXT_CNT1_METHOD,EXT_AMT2_METHOD,EXT_TXN2,EXT_CNT2_METHOD,EXT_AMT3_METHOD,EXT_TXN3,EXT_CNT3_METHOD,EXT_AMT4_METHOD,EXT_TXN4,EXT_CNT4_METHOD) 
    VALUES (inst_array(inst),vs_fee_pkg_id_0_rate,'010003005106','VS_GATESTLPERITEM','000','010004120003',to_date('01-AUG-21','DD-MON-RR'),'C',0,0,'840','04','+','+','+','+','I','I',null,null,null,null,null,null,null,null,null,null,null,null,'I','I','I','I','I','I','I','I','I','I','I','I');
    INSERT INTO MASCLR.MAS_FEES (INSTITUTION_ID,FEE_PKG_ID,TID_ACTIVITY,MAS_CODE,TXN_CURR,TID_FEE,EFFECTIVE_DATE,FEE_STATUS,RATE_PER_ITEM,RATE_PERCENT,FEE_CURR,CARD_SCHEME,AMT_METHOD,CNT_METHOD,ADD_AMT1_METHOD,ADD_CNT1_METHOD,ADD_AMT2_METHOD,ADD_CNT2_METHOD,PER_TRANS_MAX,PER_TRANS_MIN,FEE_GRP_ID,ITEM_CNT_PLAN_ID,TIER_ID,TIER_FREQ,TIER_DATE_LIST_ID,TIER_ASSM_DAY,TIER_NXT_ASSM_DATE,TIER_LASTASSM_DATE,VARIABLE_PRICE_FLG,SLIDING_PRICE_FLG,EXT_AMT1_METHOD,EXT_TXN1,EXT_CNT1_METHOD,EXT_AMT2_METHOD,EXT_TXN2,EXT_CNT2_METHOD,EXT_AMT3_METHOD,EXT_TXN3,EXT_CNT3_METHOD,EXT_AMT4_METHOD,EXT_TXN4,EXT_CNT4_METHOD) 
    VALUES (inst_array(inst),vs_fee_pkg_id_0_rate,'010003005107','VS_GATESTLPERITEM','000','010004120003',to_date('01-AUG-21','DD-MON-RR'),'C',0,0,'840','04','+','+','+','+','I','I',null,null,null,null,null,null,null,null,null,null,null,null,'I','I','I','I','I','I','I','I','I','I','I','I');
    INSERT INTO MASCLR.MAS_FEES (INSTITUTION_ID,FEE_PKG_ID,TID_ACTIVITY,MAS_CODE,TXN_CURR,TID_FEE,EFFECTIVE_DATE,FEE_STATUS,RATE_PER_ITEM,RATE_PERCENT,FEE_CURR,CARD_SCHEME,AMT_METHOD,CNT_METHOD,ADD_AMT1_METHOD,ADD_CNT1_METHOD,ADD_AMT2_METHOD,ADD_CNT2_METHOD,PER_TRANS_MAX,PER_TRANS_MIN,FEE_GRP_ID,ITEM_CNT_PLAN_ID,TIER_ID,TIER_FREQ,TIER_DATE_LIST_ID,TIER_ASSM_DAY,TIER_NXT_ASSM_DATE,TIER_LASTASSM_DATE,VARIABLE_PRICE_FLG,SLIDING_PRICE_FLG,EXT_AMT1_METHOD,EXT_TXN1,EXT_CNT1_METHOD,EXT_AMT2_METHOD,EXT_TXN2,EXT_CNT2_METHOD,EXT_AMT3_METHOD,EXT_TXN3,EXT_CNT3_METHOD,EXT_AMT4_METHOD,EXT_TXN4,EXT_CNT4_METHOD) 
    VALUES (inst_array(inst),vs_fee_pkg_id_0_rate,'010003005109','VS_GATESTLPERITEM','000','010004120003',to_date('01-AUG-21','DD-MON-RR'),'C',0,0,'840','04','+','+','+','+','I','I',null,null,null,null,null,null,null,null,null,null,null,null,'I','I','I','I','I','I','I','I','I','I','I','I');
    
    INSERT INTO MASCLR.MAS_FEES (INSTITUTION_ID,FEE_PKG_ID,TID_ACTIVITY,MAS_CODE,TXN_CURR,TID_FEE,EFFECTIVE_DATE,FEE_STATUS,RATE_PER_ITEM,RATE_PERCENT,FEE_CURR,CARD_SCHEME,AMT_METHOD,CNT_METHOD,ADD_AMT1_METHOD,ADD_CNT1_METHOD,ADD_AMT2_METHOD,ADD_CNT2_METHOD,PER_TRANS_MAX,PER_TRANS_MIN,FEE_GRP_ID,ITEM_CNT_PLAN_ID,TIER_ID,TIER_FREQ,TIER_DATE_LIST_ID,TIER_ASSM_DAY,TIER_NXT_ASSM_DATE,TIER_LASTASSM_DATE,VARIABLE_PRICE_FLG,SLIDING_PRICE_FLG,EXT_AMT1_METHOD,EXT_TXN1,EXT_CNT1_METHOD,EXT_AMT2_METHOD,EXT_TXN2,EXT_CNT2_METHOD,EXT_AMT3_METHOD,EXT_TXN3,EXT_CNT3_METHOD,EXT_AMT4_METHOD,EXT_TXN4,EXT_CNT4_METHOD) 
    VALUES (inst_array(inst),ax_fee_pkg_id_0_rate,'010003005101','AX_GATESTLPERITEM','000','010004120003',to_date('01-AUG-21','DD-MON-RR'),'C',0,0,'840','03','+','+','+','+','I','I',null,null,null,null,null,null,null,null,null,null,null,null,'I','I','I','I','I','I','I','I','I','I','I','I');
    INSERT INTO MASCLR.MAS_FEES (INSTITUTION_ID,FEE_PKG_ID,TID_ACTIVITY,MAS_CODE,TXN_CURR,TID_FEE,EFFECTIVE_DATE,FEE_STATUS,RATE_PER_ITEM,RATE_PERCENT,FEE_CURR,CARD_SCHEME,AMT_METHOD,CNT_METHOD,ADD_AMT1_METHOD,ADD_CNT1_METHOD,ADD_AMT2_METHOD,ADD_CNT2_METHOD,PER_TRANS_MAX,PER_TRANS_MIN,FEE_GRP_ID,ITEM_CNT_PLAN_ID,TIER_ID,TIER_FREQ,TIER_DATE_LIST_ID,TIER_ASSM_DAY,TIER_NXT_ASSM_DATE,TIER_LASTASSM_DATE,VARIABLE_PRICE_FLG,SLIDING_PRICE_FLG,EXT_AMT1_METHOD,EXT_TXN1,EXT_CNT1_METHOD,EXT_AMT2_METHOD,EXT_TXN2,EXT_CNT2_METHOD,EXT_AMT3_METHOD,EXT_TXN3,EXT_CNT3_METHOD,EXT_AMT4_METHOD,EXT_TXN4,EXT_CNT4_METHOD) 
    VALUES (inst_array(inst),ax_fee_pkg_id_0_rate,'010003005103','AX_GATESTLPERITEM','000','010004120003',to_date('01-AUG-21','DD-MON-RR'),'C',0,0,'840','03','+','+','+','+','I','I',null,null,null,null,null,null,null,null,null,null,null,null,'I','I','I','I','I','I','I','I','I','I','I','I');
    INSERT INTO MASCLR.MAS_FEES (INSTITUTION_ID,FEE_PKG_ID,TID_ACTIVITY,MAS_CODE,TXN_CURR,TID_FEE,EFFECTIVE_DATE,FEE_STATUS,RATE_PER_ITEM,RATE_PERCENT,FEE_CURR,CARD_SCHEME,AMT_METHOD,CNT_METHOD,ADD_AMT1_METHOD,ADD_CNT1_METHOD,ADD_AMT2_METHOD,ADD_CNT2_METHOD,PER_TRANS_MAX,PER_TRANS_MIN,FEE_GRP_ID,ITEM_CNT_PLAN_ID,TIER_ID,TIER_FREQ,TIER_DATE_LIST_ID,TIER_ASSM_DAY,TIER_NXT_ASSM_DATE,TIER_LASTASSM_DATE,VARIABLE_PRICE_FLG,SLIDING_PRICE_FLG,EXT_AMT1_METHOD,EXT_TXN1,EXT_CNT1_METHOD,EXT_AMT2_METHOD,EXT_TXN2,EXT_CNT2_METHOD,EXT_AMT3_METHOD,EXT_TXN3,EXT_CNT3_METHOD,EXT_AMT4_METHOD,EXT_TXN4,EXT_CNT4_METHOD) 
    VALUES (inst_array(inst),ax_fee_pkg_id_0_rate,'010003005104','AX_GATESTLPERITEM','000','010004120003',to_date('01-AUG-21','DD-MON-RR'),'C',0,0,'840','03','+','+','+','+','I','I',null,null,null,null,null,null,null,null,null,null,null,null,'I','I','I','I','I','I','I','I','I','I','I','I');
    INSERT INTO MASCLR.MAS_FEES (INSTITUTION_ID,FEE_PKG_ID,TID_ACTIVITY,MAS_CODE,TXN_CURR,TID_FEE,EFFECTIVE_DATE,FEE_STATUS,RATE_PER_ITEM,RATE_PERCENT,FEE_CURR,CARD_SCHEME,AMT_METHOD,CNT_METHOD,ADD_AMT1_METHOD,ADD_CNT1_METHOD,ADD_AMT2_METHOD,ADD_CNT2_METHOD,PER_TRANS_MAX,PER_TRANS_MIN,FEE_GRP_ID,ITEM_CNT_PLAN_ID,TIER_ID,TIER_FREQ,TIER_DATE_LIST_ID,TIER_ASSM_DAY,TIER_NXT_ASSM_DATE,TIER_LASTASSM_DATE,VARIABLE_PRICE_FLG,SLIDING_PRICE_FLG,EXT_AMT1_METHOD,EXT_TXN1,EXT_CNT1_METHOD,EXT_AMT2_METHOD,EXT_TXN2,EXT_CNT2_METHOD,EXT_AMT3_METHOD,EXT_TXN3,EXT_CNT3_METHOD,EXT_AMT4_METHOD,EXT_TXN4,EXT_CNT4_METHOD) 
    VALUES (inst_array(inst),ax_fee_pkg_id_0_rate,'010003005105','AX_GATESTLPERITEM','000','010004120003',to_date('01-AUG-21','DD-MON-RR'),'C',0,0,'840','03','+','+','+','+','I','I',null,null,null,null,null,null,null,null,null,null,null,null,'I','I','I','I','I','I','I','I','I','I','I','I');
    INSERT INTO MASCLR.MAS_FEES (INSTITUTION_ID,FEE_PKG_ID,TID_ACTIVITY,MAS_CODE,TXN_CURR,TID_FEE,EFFECTIVE_DATE,FEE_STATUS,RATE_PER_ITEM,RATE_PERCENT,FEE_CURR,CARD_SCHEME,AMT_METHOD,CNT_METHOD,ADD_AMT1_METHOD,ADD_CNT1_METHOD,ADD_AMT2_METHOD,ADD_CNT2_METHOD,PER_TRANS_MAX,PER_TRANS_MIN,FEE_GRP_ID,ITEM_CNT_PLAN_ID,TIER_ID,TIER_FREQ,TIER_DATE_LIST_ID,TIER_ASSM_DAY,TIER_NXT_ASSM_DATE,TIER_LASTASSM_DATE,VARIABLE_PRICE_FLG,SLIDING_PRICE_FLG,EXT_AMT1_METHOD,EXT_TXN1,EXT_CNT1_METHOD,EXT_AMT2_METHOD,EXT_TXN2,EXT_CNT2_METHOD,EXT_AMT3_METHOD,EXT_TXN3,EXT_CNT3_METHOD,EXT_AMT4_METHOD,EXT_TXN4,EXT_CNT4_METHOD) 
    VALUES (inst_array(inst),ax_fee_pkg_id_0_rate,'010003005106','AX_GATESTLPERITEM','000','010004120003',to_date('01-AUG-21','DD-MON-RR'),'C',0,0,'840','03','+','+','+','+','I','I',null,null,null,null,null,null,null,null,null,null,null,null,'I','I','I','I','I','I','I','I','I','I','I','I');
    INSERT INTO MASCLR.MAS_FEES (INSTITUTION_ID,FEE_PKG_ID,TID_ACTIVITY,MAS_CODE,TXN_CURR,TID_FEE,EFFECTIVE_DATE,FEE_STATUS,RATE_PER_ITEM,RATE_PERCENT,FEE_CURR,CARD_SCHEME,AMT_METHOD,CNT_METHOD,ADD_AMT1_METHOD,ADD_CNT1_METHOD,ADD_AMT2_METHOD,ADD_CNT2_METHOD,PER_TRANS_MAX,PER_TRANS_MIN,FEE_GRP_ID,ITEM_CNT_PLAN_ID,TIER_ID,TIER_FREQ,TIER_DATE_LIST_ID,TIER_ASSM_DAY,TIER_NXT_ASSM_DATE,TIER_LASTASSM_DATE,VARIABLE_PRICE_FLG,SLIDING_PRICE_FLG,EXT_AMT1_METHOD,EXT_TXN1,EXT_CNT1_METHOD,EXT_AMT2_METHOD,EXT_TXN2,EXT_CNT2_METHOD,EXT_AMT3_METHOD,EXT_TXN3,EXT_CNT3_METHOD,EXT_AMT4_METHOD,EXT_TXN4,EXT_CNT4_METHOD) 
    VALUES (inst_array(inst),ax_fee_pkg_id_0_rate,'010003005107','AX_GATESTLPERITEM','000','010004120003',to_date('01-AUG-21','DD-MON-RR'),'C',0,0,'840','03','+','+','+','+','I','I',null,null,null,null,null,null,null,null,null,null,null,null,'I','I','I','I','I','I','I','I','I','I','I','I');
    INSERT INTO MASCLR.MAS_FEES (INSTITUTION_ID,FEE_PKG_ID,TID_ACTIVITY,MAS_CODE,TXN_CURR,TID_FEE,EFFECTIVE_DATE,FEE_STATUS,RATE_PER_ITEM,RATE_PERCENT,FEE_CURR,CARD_SCHEME,AMT_METHOD,CNT_METHOD,ADD_AMT1_METHOD,ADD_CNT1_METHOD,ADD_AMT2_METHOD,ADD_CNT2_METHOD,PER_TRANS_MAX,PER_TRANS_MIN,FEE_GRP_ID,ITEM_CNT_PLAN_ID,TIER_ID,TIER_FREQ,TIER_DATE_LIST_ID,TIER_ASSM_DAY,TIER_NXT_ASSM_DATE,TIER_LASTASSM_DATE,VARIABLE_PRICE_FLG,SLIDING_PRICE_FLG,EXT_AMT1_METHOD,EXT_TXN1,EXT_CNT1_METHOD,EXT_AMT2_METHOD,EXT_TXN2,EXT_CNT2_METHOD,EXT_AMT3_METHOD,EXT_TXN3,EXT_CNT3_METHOD,EXT_AMT4_METHOD,EXT_TXN4,EXT_CNT4_METHOD) 
    VALUES (inst_array(inst),ax_fee_pkg_id_0_rate,'010003005109','AX_GATESTLPERITEM','000','010004120003',to_date('01-AUG-21','DD-MON-RR'),'C',0,0,'840','03','+','+','+','+','I','I',null,null,null,null,null,null,null,null,null,null,null,null,'I','I','I','I','I','I','I','I','I','I','I','I');
    INSERT INTO MASCLR.MAS_FEES (INSTITUTION_ID,FEE_PKG_ID,TID_ACTIVITY,MAS_CODE,TXN_CURR,TID_FEE,EFFECTIVE_DATE,FEE_STATUS,RATE_PER_ITEM,RATE_PERCENT,FEE_CURR,CARD_SCHEME,AMT_METHOD,CNT_METHOD,ADD_AMT1_METHOD,ADD_CNT1_METHOD,ADD_AMT2_METHOD,ADD_CNT2_METHOD,PER_TRANS_MAX,PER_TRANS_MIN,FEE_GRP_ID,ITEM_CNT_PLAN_ID,TIER_ID,TIER_FREQ,TIER_DATE_LIST_ID,TIER_ASSM_DAY,TIER_NXT_ASSM_DATE,TIER_LASTASSM_DATE,VARIABLE_PRICE_FLG,SLIDING_PRICE_FLG,EXT_AMT1_METHOD,EXT_TXN1,EXT_CNT1_METHOD,EXT_AMT2_METHOD,EXT_TXN2,EXT_CNT2_METHOD,EXT_AMT3_METHOD,EXT_TXN3,EXT_CNT3_METHOD,EXT_AMT4_METHOD,EXT_TXN4,EXT_CNT4_METHOD) 
    VALUES (inst_array(inst),mc_fee_pkg_id_0_rate,'010003005101','MC_GATESTLPERITEM','000','010004120003',to_date('01-AUG-21','DD-MON-RR'),'C',0,0,'840','05','+','+','+','+','I','I',null,null,null,null,null,null,null,null,null,null,null,null,'I','I','I','I','I','I','I','I','I','I','I','I');
    INSERT INTO MASCLR.MAS_FEES (INSTITUTION_ID,FEE_PKG_ID,TID_ACTIVITY,MAS_CODE,TXN_CURR,TID_FEE,EFFECTIVE_DATE,FEE_STATUS,RATE_PER_ITEM,RATE_PERCENT,FEE_CURR,CARD_SCHEME,AMT_METHOD,CNT_METHOD,ADD_AMT1_METHOD,ADD_CNT1_METHOD,ADD_AMT2_METHOD,ADD_CNT2_METHOD,PER_TRANS_MAX,PER_TRANS_MIN,FEE_GRP_ID,ITEM_CNT_PLAN_ID,TIER_ID,TIER_FREQ,TIER_DATE_LIST_ID,TIER_ASSM_DAY,TIER_NXT_ASSM_DATE,TIER_LASTASSM_DATE,VARIABLE_PRICE_FLG,SLIDING_PRICE_FLG,EXT_AMT1_METHOD,EXT_TXN1,EXT_CNT1_METHOD,EXT_AMT2_METHOD,EXT_TXN2,EXT_CNT2_METHOD,EXT_AMT3_METHOD,EXT_TXN3,EXT_CNT3_METHOD,EXT_AMT4_METHOD,EXT_TXN4,EXT_CNT4_METHOD) 
    VALUES (inst_array(inst),mc_fee_pkg_id_0_rate,'010003005103','MC_GATESTLPERITEM','000','010004120003',to_date('01-AUG-21','DD-MON-RR'),'C',0,0,'840','05','+','+','+','+','I','I',null,null,null,null,null,null,null,null,null,null,null,null,'I','I','I','I','I','I','I','I','I','I','I','I');
    INSERT INTO MASCLR.MAS_FEES (INSTITUTION_ID,FEE_PKG_ID,TID_ACTIVITY,MAS_CODE,TXN_CURR,TID_FEE,EFFECTIVE_DATE,FEE_STATUS,RATE_PER_ITEM,RATE_PERCENT,FEE_CURR,CARD_SCHEME,AMT_METHOD,CNT_METHOD,ADD_AMT1_METHOD,ADD_CNT1_METHOD,ADD_AMT2_METHOD,ADD_CNT2_METHOD,PER_TRANS_MAX,PER_TRANS_MIN,FEE_GRP_ID,ITEM_CNT_PLAN_ID,TIER_ID,TIER_FREQ,TIER_DATE_LIST_ID,TIER_ASSM_DAY,TIER_NXT_ASSM_DATE,TIER_LASTASSM_DATE,VARIABLE_PRICE_FLG,SLIDING_PRICE_FLG,EXT_AMT1_METHOD,EXT_TXN1,EXT_CNT1_METHOD,EXT_AMT2_METHOD,EXT_TXN2,EXT_CNT2_METHOD,EXT_AMT3_METHOD,EXT_TXN3,EXT_CNT3_METHOD,EXT_AMT4_METHOD,EXT_TXN4,EXT_CNT4_METHOD) 
    VALUES (inst_array(inst),mc_fee_pkg_id_0_rate,'010003005104','MC_GATESTLPERITEM','000','010004120003',to_date('01-AUG-21','DD-MON-RR'),'C',0,0,'840','05','+','+','+','+','I','I',null,null,null,null,null,null,null,null,null,null,null,null,'I','I','I','I','I','I','I','I','I','I','I','I');
    INSERT INTO MASCLR.MAS_FEES (INSTITUTION_ID,FEE_PKG_ID,TID_ACTIVITY,MAS_CODE,TXN_CURR,TID_FEE,EFFECTIVE_DATE,FEE_STATUS,RATE_PER_ITEM,RATE_PERCENT,FEE_CURR,CARD_SCHEME,AMT_METHOD,CNT_METHOD,ADD_AMT1_METHOD,ADD_CNT1_METHOD,ADD_AMT2_METHOD,ADD_CNT2_METHOD,PER_TRANS_MAX,PER_TRANS_MIN,FEE_GRP_ID,ITEM_CNT_PLAN_ID,TIER_ID,TIER_FREQ,TIER_DATE_LIST_ID,TIER_ASSM_DAY,TIER_NXT_ASSM_DATE,TIER_LASTASSM_DATE,VARIABLE_PRICE_FLG,SLIDING_PRICE_FLG,EXT_AMT1_METHOD,EXT_TXN1,EXT_CNT1_METHOD,EXT_AMT2_METHOD,EXT_TXN2,EXT_CNT2_METHOD,EXT_AMT3_METHOD,EXT_TXN3,EXT_CNT3_METHOD,EXT_AMT4_METHOD,EXT_TXN4,EXT_CNT4_METHOD) 
    VALUES (inst_array(inst),mc_fee_pkg_id_0_rate,'010003005105','MC_GATESTLPERITEM','000','010004120003',to_date('01-AUG-21','DD-MON-RR'),'C',0,0,'840','05','+','+','+','+','I','I',null,null,null,null,null,null,null,null,null,null,null,null,'I','I','I','I','I','I','I','I','I','I','I','I');
    INSERT INTO MASCLR.MAS_FEES (INSTITUTION_ID,FEE_PKG_ID,TID_ACTIVITY,MAS_CODE,TXN_CURR,TID_FEE,EFFECTIVE_DATE,FEE_STATUS,RATE_PER_ITEM,RATE_PERCENT,FEE_CURR,CARD_SCHEME,AMT_METHOD,CNT_METHOD,ADD_AMT1_METHOD,ADD_CNT1_METHOD,ADD_AMT2_METHOD,ADD_CNT2_METHOD,PER_TRANS_MAX,PER_TRANS_MIN,FEE_GRP_ID,ITEM_CNT_PLAN_ID,TIER_ID,TIER_FREQ,TIER_DATE_LIST_ID,TIER_ASSM_DAY,TIER_NXT_ASSM_DATE,TIER_LASTASSM_DATE,VARIABLE_PRICE_FLG,SLIDING_PRICE_FLG,EXT_AMT1_METHOD,EXT_TXN1,EXT_CNT1_METHOD,EXT_AMT2_METHOD,EXT_TXN2,EXT_CNT2_METHOD,EXT_AMT3_METHOD,EXT_TXN3,EXT_CNT3_METHOD,EXT_AMT4_METHOD,EXT_TXN4,EXT_CNT4_METHOD) 
    VALUES (inst_array(inst),mc_fee_pkg_id_0_rate,'010003005106','MC_GATESTLPERITEM','000','010004120003',to_date('01-AUG-21','DD-MON-RR'),'C',0,0,'840','05','+','+','+','+','I','I',null,null,null,null,null,null,null,null,null,null,null,null,'I','I','I','I','I','I','I','I','I','I','I','I');
    INSERT INTO MASCLR.MAS_FEES (INSTITUTION_ID,FEE_PKG_ID,TID_ACTIVITY,MAS_CODE,TXN_CURR,TID_FEE,EFFECTIVE_DATE,FEE_STATUS,RATE_PER_ITEM,RATE_PERCENT,FEE_CURR,CARD_SCHEME,AMT_METHOD,CNT_METHOD,ADD_AMT1_METHOD,ADD_CNT1_METHOD,ADD_AMT2_METHOD,ADD_CNT2_METHOD,PER_TRANS_MAX,PER_TRANS_MIN,FEE_GRP_ID,ITEM_CNT_PLAN_ID,TIER_ID,TIER_FREQ,TIER_DATE_LIST_ID,TIER_ASSM_DAY,TIER_NXT_ASSM_DATE,TIER_LASTASSM_DATE,VARIABLE_PRICE_FLG,SLIDING_PRICE_FLG,EXT_AMT1_METHOD,EXT_TXN1,EXT_CNT1_METHOD,EXT_AMT2_METHOD,EXT_TXN2,EXT_CNT2_METHOD,EXT_AMT3_METHOD,EXT_TXN3,EXT_CNT3_METHOD,EXT_AMT4_METHOD,EXT_TXN4,EXT_CNT4_METHOD) 
    VALUES (inst_array(inst),mc_fee_pkg_id_0_rate,'010003005107','MC_GATESTLPERITEM','000','010004120003',to_date('01-AUG-21','DD-MON-RR'),'C',0,0,'840','05','+','+','+','+','I','I',null,null,null,null,null,null,null,null,null,null,null,null,'I','I','I','I','I','I','I','I','I','I','I','I');
    INSERT INTO MASCLR.MAS_FEES (INSTITUTION_ID,FEE_PKG_ID,TID_ACTIVITY,MAS_CODE,TXN_CURR,TID_FEE,EFFECTIVE_DATE,FEE_STATUS,RATE_PER_ITEM,RATE_PERCENT,FEE_CURR,CARD_SCHEME,AMT_METHOD,CNT_METHOD,ADD_AMT1_METHOD,ADD_CNT1_METHOD,ADD_AMT2_METHOD,ADD_CNT2_METHOD,PER_TRANS_MAX,PER_TRANS_MIN,FEE_GRP_ID,ITEM_CNT_PLAN_ID,TIER_ID,TIER_FREQ,TIER_DATE_LIST_ID,TIER_ASSM_DAY,TIER_NXT_ASSM_DATE,TIER_LASTASSM_DATE,VARIABLE_PRICE_FLG,SLIDING_PRICE_FLG,EXT_AMT1_METHOD,EXT_TXN1,EXT_CNT1_METHOD,EXT_AMT2_METHOD,EXT_TXN2,EXT_CNT2_METHOD,EXT_AMT3_METHOD,EXT_TXN3,EXT_CNT3_METHOD,EXT_AMT4_METHOD,EXT_TXN4,EXT_CNT4_METHOD) 
    VALUES (inst_array(inst),mc_fee_pkg_id_0_rate,'010003005109','MC_GATESTLPERITEM','000','010004120003',to_date('01-AUG-21','DD-MON-RR'),'C',0,0,'840','05','+','+','+','+','I','I',null,null,null,null,null,null,null,null,null,null,null,null,'I','I','I','I','I','I','I','I','I','I','I','I');
    INSERT INTO MASCLR.MAS_FEES (INSTITUTION_ID,FEE_PKG_ID,TID_ACTIVITY,MAS_CODE,TXN_CURR,TID_FEE,EFFECTIVE_DATE,FEE_STATUS,RATE_PER_ITEM,RATE_PERCENT,FEE_CURR,CARD_SCHEME,AMT_METHOD,CNT_METHOD,ADD_AMT1_METHOD,ADD_CNT1_METHOD,ADD_AMT2_METHOD,ADD_CNT2_METHOD,PER_TRANS_MAX,PER_TRANS_MIN,FEE_GRP_ID,ITEM_CNT_PLAN_ID,TIER_ID,TIER_FREQ,TIER_DATE_LIST_ID,TIER_ASSM_DAY,TIER_NXT_ASSM_DATE,TIER_LASTASSM_DATE,VARIABLE_PRICE_FLG,SLIDING_PRICE_FLG,EXT_AMT1_METHOD,EXT_TXN1,EXT_CNT1_METHOD,EXT_AMT2_METHOD,EXT_TXN2,EXT_CNT2_METHOD,EXT_AMT3_METHOD,EXT_TXN3,EXT_CNT3_METHOD,EXT_AMT4_METHOD,EXT_TXN4,EXT_CNT4_METHOD) 
    VALUES (inst_array(inst),ds_fee_pkg_id_0_rate,'010003005101','DS_GATESTLPERITEM','000','010004120003',to_date('01-AUG-21','DD-MON-RR'),'C',0,0,'840','08','+','+','+','+','I','I',null,null,null,null,null,null,null,null,null,null,null,null,'I','I','I','I','I','I','I','I','I','I','I','I');
    INSERT INTO MASCLR.MAS_FEES (INSTITUTION_ID,FEE_PKG_ID,TID_ACTIVITY,MAS_CODE,TXN_CURR,TID_FEE,EFFECTIVE_DATE,FEE_STATUS,RATE_PER_ITEM,RATE_PERCENT,FEE_CURR,CARD_SCHEME,AMT_METHOD,CNT_METHOD,ADD_AMT1_METHOD,ADD_CNT1_METHOD,ADD_AMT2_METHOD,ADD_CNT2_METHOD,PER_TRANS_MAX,PER_TRANS_MIN,FEE_GRP_ID,ITEM_CNT_PLAN_ID,TIER_ID,TIER_FREQ,TIER_DATE_LIST_ID,TIER_ASSM_DAY,TIER_NXT_ASSM_DATE,TIER_LASTASSM_DATE,VARIABLE_PRICE_FLG,SLIDING_PRICE_FLG,EXT_AMT1_METHOD,EXT_TXN1,EXT_CNT1_METHOD,EXT_AMT2_METHOD,EXT_TXN2,EXT_CNT2_METHOD,EXT_AMT3_METHOD,EXT_TXN3,EXT_CNT3_METHOD,EXT_AMT4_METHOD,EXT_TXN4,EXT_CNT4_METHOD) 
    VALUES (inst_array(inst),ds_fee_pkg_id_0_rate,'010003005103','DS_GATESTLPERITEM','000','010004120003',to_date('01-AUG-21','DD-MON-RR'),'C',0,0,'840','08','+','+','+','+','I','I',null,null,null,null,null,null,null,null,null,null,null,null,'I','I','I','I','I','I','I','I','I','I','I','I');
    INSERT INTO MASCLR.MAS_FEES (INSTITUTION_ID,FEE_PKG_ID,TID_ACTIVITY,MAS_CODE,TXN_CURR,TID_FEE,EFFECTIVE_DATE,FEE_STATUS,RATE_PER_ITEM,RATE_PERCENT,FEE_CURR,CARD_SCHEME,AMT_METHOD,CNT_METHOD,ADD_AMT1_METHOD,ADD_CNT1_METHOD,ADD_AMT2_METHOD,ADD_CNT2_METHOD,PER_TRANS_MAX,PER_TRANS_MIN,FEE_GRP_ID,ITEM_CNT_PLAN_ID,TIER_ID,TIER_FREQ,TIER_DATE_LIST_ID,TIER_ASSM_DAY,TIER_NXT_ASSM_DATE,TIER_LASTASSM_DATE,VARIABLE_PRICE_FLG,SLIDING_PRICE_FLG,EXT_AMT1_METHOD,EXT_TXN1,EXT_CNT1_METHOD,EXT_AMT2_METHOD,EXT_TXN2,EXT_CNT2_METHOD,EXT_AMT3_METHOD,EXT_TXN3,EXT_CNT3_METHOD,EXT_AMT4_METHOD,EXT_TXN4,EXT_CNT4_METHOD) 
    VALUES (inst_array(inst),ds_fee_pkg_id_0_rate,'010003005104','DS_GATESTLPERITEM','000','010004120003',to_date('01-AUG-21','DD-MON-RR'),'C',0,0,'840','08','+','+','+','+','I','I',null,null,null,null,null,null,null,null,null,null,null,null,'I','I','I','I','I','I','I','I','I','I','I','I');
    INSERT INTO MASCLR.MAS_FEES (INSTITUTION_ID,FEE_PKG_ID,TID_ACTIVITY,MAS_CODE,TXN_CURR,TID_FEE,EFFECTIVE_DATE,FEE_STATUS,RATE_PER_ITEM,RATE_PERCENT,FEE_CURR,CARD_SCHEME,AMT_METHOD,CNT_METHOD,ADD_AMT1_METHOD,ADD_CNT1_METHOD,ADD_AMT2_METHOD,ADD_CNT2_METHOD,PER_TRANS_MAX,PER_TRANS_MIN,FEE_GRP_ID,ITEM_CNT_PLAN_ID,TIER_ID,TIER_FREQ,TIER_DATE_LIST_ID,TIER_ASSM_DAY,TIER_NXT_ASSM_DATE,TIER_LASTASSM_DATE,VARIABLE_PRICE_FLG,SLIDING_PRICE_FLG,EXT_AMT1_METHOD,EXT_TXN1,EXT_CNT1_METHOD,EXT_AMT2_METHOD,EXT_TXN2,EXT_CNT2_METHOD,EXT_AMT3_METHOD,EXT_TXN3,EXT_CNT3_METHOD,EXT_AMT4_METHOD,EXT_TXN4,EXT_CNT4_METHOD) 
    VALUES (inst_array(inst),ds_fee_pkg_id_0_rate,'010003005105','DS_GATESTLPERITEM','000','010004120003',to_date('01-AUG-21','DD-MON-RR'),'C',0,0,'840','08','+','+','+','+','I','I',null,null,null,null,null,null,null,null,null,null,null,null,'I','I','I','I','I','I','I','I','I','I','I','I');
    INSERT INTO MASCLR.MAS_FEES (INSTITUTION_ID,FEE_PKG_ID,TID_ACTIVITY,MAS_CODE,TXN_CURR,TID_FEE,EFFECTIVE_DATE,FEE_STATUS,RATE_PER_ITEM,RATE_PERCENT,FEE_CURR,CARD_SCHEME,AMT_METHOD,CNT_METHOD,ADD_AMT1_METHOD,ADD_CNT1_METHOD,ADD_AMT2_METHOD,ADD_CNT2_METHOD,PER_TRANS_MAX,PER_TRANS_MIN,FEE_GRP_ID,ITEM_CNT_PLAN_ID,TIER_ID,TIER_FREQ,TIER_DATE_LIST_ID,TIER_ASSM_DAY,TIER_NXT_ASSM_DATE,TIER_LASTASSM_DATE,VARIABLE_PRICE_FLG,SLIDING_PRICE_FLG,EXT_AMT1_METHOD,EXT_TXN1,EXT_CNT1_METHOD,EXT_AMT2_METHOD,EXT_TXN2,EXT_CNT2_METHOD,EXT_AMT3_METHOD,EXT_TXN3,EXT_CNT3_METHOD,EXT_AMT4_METHOD,EXT_TXN4,EXT_CNT4_METHOD) 
    VALUES (inst_array(inst),ds_fee_pkg_id_0_rate,'010003005106','DS_GATESTLPERITEM','000','010004120003',to_date('01-AUG-21','DD-MON-RR'),'C',0,0,'840','08','+','+','+','+','I','I',null,null,null,null,null,null,null,null,null,null,null,null,'I','I','I','I','I','I','I','I','I','I','I','I');
    INSERT INTO MASCLR.MAS_FEES (INSTITUTION_ID,FEE_PKG_ID,TID_ACTIVITY,MAS_CODE,TXN_CURR,TID_FEE,EFFECTIVE_DATE,FEE_STATUS,RATE_PER_ITEM,RATE_PERCENT,FEE_CURR,CARD_SCHEME,AMT_METHOD,CNT_METHOD,ADD_AMT1_METHOD,ADD_CNT1_METHOD,ADD_AMT2_METHOD,ADD_CNT2_METHOD,PER_TRANS_MAX,PER_TRANS_MIN,FEE_GRP_ID,ITEM_CNT_PLAN_ID,TIER_ID,TIER_FREQ,TIER_DATE_LIST_ID,TIER_ASSM_DAY,TIER_NXT_ASSM_DATE,TIER_LASTASSM_DATE,VARIABLE_PRICE_FLG,SLIDING_PRICE_FLG,EXT_AMT1_METHOD,EXT_TXN1,EXT_CNT1_METHOD,EXT_AMT2_METHOD,EXT_TXN2,EXT_CNT2_METHOD,EXT_AMT3_METHOD,EXT_TXN3,EXT_CNT3_METHOD,EXT_AMT4_METHOD,EXT_TXN4,EXT_CNT4_METHOD) 
    VALUES (inst_array(inst),ds_fee_pkg_id_0_rate,'010003005107','DS_GATESTLPERITEM','000','010004120003',to_date('01-AUG-21','DD-MON-RR'),'C',0,0,'840','08','+','+','+','+','I','I',null,null,null,null,null,null,null,null,null,null,null,null,'I','I','I','I','I','I','I','I','I','I','I','I');
    INSERT INTO MASCLR.MAS_FEES (INSTITUTION_ID,FEE_PKG_ID,TID_ACTIVITY,MAS_CODE,TXN_CURR,TID_FEE,EFFECTIVE_DATE,FEE_STATUS,RATE_PER_ITEM,RATE_PERCENT,FEE_CURR,CARD_SCHEME,AMT_METHOD,CNT_METHOD,ADD_AMT1_METHOD,ADD_CNT1_METHOD,ADD_AMT2_METHOD,ADD_CNT2_METHOD,PER_TRANS_MAX,PER_TRANS_MIN,FEE_GRP_ID,ITEM_CNT_PLAN_ID,TIER_ID,TIER_FREQ,TIER_DATE_LIST_ID,TIER_ASSM_DAY,TIER_NXT_ASSM_DATE,TIER_LASTASSM_DATE,VARIABLE_PRICE_FLG,SLIDING_PRICE_FLG,EXT_AMT1_METHOD,EXT_TXN1,EXT_CNT1_METHOD,EXT_AMT2_METHOD,EXT_TXN2,EXT_CNT2_METHOD,EXT_AMT3_METHOD,EXT_TXN3,EXT_CNT3_METHOD,EXT_AMT4_METHOD,EXT_TXN4,EXT_CNT4_METHOD) 
    VALUES (inst_array(inst),ds_fee_pkg_id_0_rate,'010003005109','DS_GATESTLPERITEM','000','010004120003',to_date('01-AUG-21','DD-MON-RR'),'C',0,0,'840','08','+','+','+','+','I','I',null,null,null,null,null,null,null,null,null,null,null,null,'I','I','I','I','I','I','I','I','I','I','I','I');
    INSERT INTO MASCLR.MAS_FEES (INSTITUTION_ID,FEE_PKG_ID,TID_ACTIVITY,MAS_CODE,TXN_CURR,TID_FEE,EFFECTIVE_DATE,FEE_STATUS,RATE_PER_ITEM,RATE_PERCENT,FEE_CURR,CARD_SCHEME,AMT_METHOD,CNT_METHOD,ADD_AMT1_METHOD,ADD_CNT1_METHOD,ADD_AMT2_METHOD,ADD_CNT2_METHOD,PER_TRANS_MAX,PER_TRANS_MIN,FEE_GRP_ID,ITEM_CNT_PLAN_ID,TIER_ID,TIER_FREQ,TIER_DATE_LIST_ID,TIER_ASSM_DAY,TIER_NXT_ASSM_DATE,TIER_LASTASSM_DATE,VARIABLE_PRICE_FLG,SLIDING_PRICE_FLG,EXT_AMT1_METHOD,EXT_TXN1,EXT_CNT1_METHOD,EXT_AMT2_METHOD,EXT_TXN2,EXT_CNT2_METHOD,EXT_AMT3_METHOD,EXT_TXN3,EXT_CNT3_METHOD,EXT_AMT4_METHOD,EXT_TXN4,EXT_CNT4_METHOD) 
    VALUES (inst_array(inst),other_fee_pkg_id_0_rate,'010003005101','OTHR_GATESTLPERITEM','000','010004120003',to_date('01-AUG-21','DD-MON-RR'),'C',0,0,'840','00','+','+','+','+','I','I',null,null,null,null,null,null,null,null,null,null,null,null,'I','I','I','I','I','I','I','I','I','I','I','I');
    INSERT INTO MASCLR.MAS_FEES (INSTITUTION_ID,FEE_PKG_ID,TID_ACTIVITY,MAS_CODE,TXN_CURR,TID_FEE,EFFECTIVE_DATE,FEE_STATUS,RATE_PER_ITEM,RATE_PERCENT,FEE_CURR,CARD_SCHEME,AMT_METHOD,CNT_METHOD,ADD_AMT1_METHOD,ADD_CNT1_METHOD,ADD_AMT2_METHOD,ADD_CNT2_METHOD,PER_TRANS_MAX,PER_TRANS_MIN,FEE_GRP_ID,ITEM_CNT_PLAN_ID,TIER_ID,TIER_FREQ,TIER_DATE_LIST_ID,TIER_ASSM_DAY,TIER_NXT_ASSM_DATE,TIER_LASTASSM_DATE,VARIABLE_PRICE_FLG,SLIDING_PRICE_FLG,EXT_AMT1_METHOD,EXT_TXN1,EXT_CNT1_METHOD,EXT_AMT2_METHOD,EXT_TXN2,EXT_CNT2_METHOD,EXT_AMT3_METHOD,EXT_TXN3,EXT_CNT3_METHOD,EXT_AMT4_METHOD,EXT_TXN4,EXT_CNT4_METHOD) 
    VALUES (inst_array(inst),other_fee_pkg_id_0_rate,'010003005103','OTHR_GATESTLPERITEM','000','010004120003',to_date('01-AUG-21','DD-MON-RR'),'C',0,0,'840','00','+','+','+','+','I','I',null,null,null,null,null,null,null,null,null,null,null,null,'I','I','I','I','I','I','I','I','I','I','I','I');
    INSERT INTO MASCLR.MAS_FEES (INSTITUTION_ID,FEE_PKG_ID,TID_ACTIVITY,MAS_CODE,TXN_CURR,TID_FEE,EFFECTIVE_DATE,FEE_STATUS,RATE_PER_ITEM,RATE_PERCENT,FEE_CURR,CARD_SCHEME,AMT_METHOD,CNT_METHOD,ADD_AMT1_METHOD,ADD_CNT1_METHOD,ADD_AMT2_METHOD,ADD_CNT2_METHOD,PER_TRANS_MAX,PER_TRANS_MIN,FEE_GRP_ID,ITEM_CNT_PLAN_ID,TIER_ID,TIER_FREQ,TIER_DATE_LIST_ID,TIER_ASSM_DAY,TIER_NXT_ASSM_DATE,TIER_LASTASSM_DATE,VARIABLE_PRICE_FLG,SLIDING_PRICE_FLG,EXT_AMT1_METHOD,EXT_TXN1,EXT_CNT1_METHOD,EXT_AMT2_METHOD,EXT_TXN2,EXT_CNT2_METHOD,EXT_AMT3_METHOD,EXT_TXN3,EXT_CNT3_METHOD,EXT_AMT4_METHOD,EXT_TXN4,EXT_CNT4_METHOD) 
    VALUES (inst_array(inst),other_fee_pkg_id_0_rate,'010003005104','OTHR_GATESTLPERITEM','000','010004120003',to_date('01-AUG-21','DD-MON-RR'),'C',0,0,'840','00','+','+','+','+','I','I',null,null,null,null,null,null,null,null,null,null,null,null,'I','I','I','I','I','I','I','I','I','I','I','I');
    INSERT INTO MASCLR.MAS_FEES (INSTITUTION_ID,FEE_PKG_ID,TID_ACTIVITY,MAS_CODE,TXN_CURR,TID_FEE,EFFECTIVE_DATE,FEE_STATUS,RATE_PER_ITEM,RATE_PERCENT,FEE_CURR,CARD_SCHEME,AMT_METHOD,CNT_METHOD,ADD_AMT1_METHOD,ADD_CNT1_METHOD,ADD_AMT2_METHOD,ADD_CNT2_METHOD,PER_TRANS_MAX,PER_TRANS_MIN,FEE_GRP_ID,ITEM_CNT_PLAN_ID,TIER_ID,TIER_FREQ,TIER_DATE_LIST_ID,TIER_ASSM_DAY,TIER_NXT_ASSM_DATE,TIER_LASTASSM_DATE,VARIABLE_PRICE_FLG,SLIDING_PRICE_FLG,EXT_AMT1_METHOD,EXT_TXN1,EXT_CNT1_METHOD,EXT_AMT2_METHOD,EXT_TXN2,EXT_CNT2_METHOD,EXT_AMT3_METHOD,EXT_TXN3,EXT_CNT3_METHOD,EXT_AMT4_METHOD,EXT_TXN4,EXT_CNT4_METHOD) 
    VALUES (inst_array(inst),other_fee_pkg_id_0_rate,'010003005105','OTHR_GATESTLPERITEM','000','010004120003',to_date('01-AUG-21','DD-MON-RR'),'C',0,0,'840','00','+','+','+','+','I','I',null,null,null,null,null,null,null,null,null,null,null,null,'I','I','I','I','I','I','I','I','I','I','I','I');
    INSERT INTO MASCLR.MAS_FEES (INSTITUTION_ID,FEE_PKG_ID,TID_ACTIVITY,MAS_CODE,TXN_CURR,TID_FEE,EFFECTIVE_DATE,FEE_STATUS,RATE_PER_ITEM,RATE_PERCENT,FEE_CURR,CARD_SCHEME,AMT_METHOD,CNT_METHOD,ADD_AMT1_METHOD,ADD_CNT1_METHOD,ADD_AMT2_METHOD,ADD_CNT2_METHOD,PER_TRANS_MAX,PER_TRANS_MIN,FEE_GRP_ID,ITEM_CNT_PLAN_ID,TIER_ID,TIER_FREQ,TIER_DATE_LIST_ID,TIER_ASSM_DAY,TIER_NXT_ASSM_DATE,TIER_LASTASSM_DATE,VARIABLE_PRICE_FLG,SLIDING_PRICE_FLG,EXT_AMT1_METHOD,EXT_TXN1,EXT_CNT1_METHOD,EXT_AMT2_METHOD,EXT_TXN2,EXT_CNT2_METHOD,EXT_AMT3_METHOD,EXT_TXN3,EXT_CNT3_METHOD,EXT_AMT4_METHOD,EXT_TXN4,EXT_CNT4_METHOD) 
    VALUES (inst_array(inst),other_fee_pkg_id_0_rate,'010003005106','OTHR_GATESTLPERITEM','000','010004120003',to_date('01-AUG-21','DD-MON-RR'),'C',0,0,'840','00','+','+','+','+','I','I',null,null,null,null,null,null,null,null,null,null,null,null,'I','I','I','I','I','I','I','I','I','I','I','I');
    INSERT INTO MASCLR.MAS_FEES (INSTITUTION_ID,FEE_PKG_ID,TID_ACTIVITY,MAS_CODE,TXN_CURR,TID_FEE,EFFECTIVE_DATE,FEE_STATUS,RATE_PER_ITEM,RATE_PERCENT,FEE_CURR,CARD_SCHEME,AMT_METHOD,CNT_METHOD,ADD_AMT1_METHOD,ADD_CNT1_METHOD,ADD_AMT2_METHOD,ADD_CNT2_METHOD,PER_TRANS_MAX,PER_TRANS_MIN,FEE_GRP_ID,ITEM_CNT_PLAN_ID,TIER_ID,TIER_FREQ,TIER_DATE_LIST_ID,TIER_ASSM_DAY,TIER_NXT_ASSM_DATE,TIER_LASTASSM_DATE,VARIABLE_PRICE_FLG,SLIDING_PRICE_FLG,EXT_AMT1_METHOD,EXT_TXN1,EXT_CNT1_METHOD,EXT_AMT2_METHOD,EXT_TXN2,EXT_CNT2_METHOD,EXT_AMT3_METHOD,EXT_TXN3,EXT_CNT3_METHOD,EXT_AMT4_METHOD,EXT_TXN4,EXT_CNT4_METHOD) 
    VALUES (inst_array(inst),other_fee_pkg_id_0_rate,'010003005107','OTHR_GATESTLPERITEM','000','010004120003',to_date('01-AUG-21','DD-MON-RR'),'C',0,0,'840','00','+','+','+','+','I','I',null,null,null,null,null,null,null,null,null,null,null,null,'I','I','I','I','I','I','I','I','I','I','I','I');
    INSERT INTO MASCLR.MAS_FEES (INSTITUTION_ID,FEE_PKG_ID,TID_ACTIVITY,MAS_CODE,TXN_CURR,TID_FEE,EFFECTIVE_DATE,FEE_STATUS,RATE_PER_ITEM,RATE_PERCENT,FEE_CURR,CARD_SCHEME,AMT_METHOD,CNT_METHOD,ADD_AMT1_METHOD,ADD_CNT1_METHOD,ADD_AMT2_METHOD,ADD_CNT2_METHOD,PER_TRANS_MAX,PER_TRANS_MIN,FEE_GRP_ID,ITEM_CNT_PLAN_ID,TIER_ID,TIER_FREQ,TIER_DATE_LIST_ID,TIER_ASSM_DAY,TIER_NXT_ASSM_DATE,TIER_LASTASSM_DATE,VARIABLE_PRICE_FLG,SLIDING_PRICE_FLG,EXT_AMT1_METHOD,EXT_TXN1,EXT_CNT1_METHOD,EXT_AMT2_METHOD,EXT_TXN2,EXT_CNT2_METHOD,EXT_AMT3_METHOD,EXT_TXN3,EXT_CNT3_METHOD,EXT_AMT4_METHOD,EXT_TXN4,EXT_CNT4_METHOD) 
    VALUES (inst_array(inst),other_fee_pkg_id_0_rate,'010003005109','OTHR_GATESTLPERITEM','000','010004120003',to_date('01-AUG-21','DD-MON-RR'),'C',0,0,'840','00','+','+','+','+','I','I',null,null,null,null,null,null,null,null,null,null,null,null,'I','I','I','I','I','I','I','I','I','I','I','I');
    --UPDATE SEQ CTRL Table
    UPDATE MASCLR.seq_ctrl
    SET last_seq_nbr = other_fee_pkg_id_0_rate
    WHERE seq_name = 'fee_pkg_id'
    AND institution_id = inst_array(inst);
END LOOP;
COMMIT;
END;
